[
  {
    "query": "Professional photo of caravan manufacturing workshop with craftsmen working",
    "image_info": {
      "url": "https://i.ytimg.com/vi/EaiaJtCDGpI/maxresdefault.jpg",
      "img_format": "JPEG",
      "mode": "RGB",
      "file_size": 177663,
      "width": 1280,
      "height": 720,
      "total_pixels": 921600,
      "basic_score": 0.9373503583475428,
      "file_name": "workshop_6.jpg"
    },
    "llm_score": null
  },
  {
    "query": "Professional photo of caravan manufacturing workshop with craftsmen working",
    "image_info": {
      "url": "https://www.caravantimes.co.uk/wp-content/uploads/2021/01/cnphoto_0_0_0_0_14123496_1200.jpg",
      "img_format": "JPEG",
      "mode": "RGB",
      "file_size": 201348,
      "width": 1200,
      "height": 745,
      "total_pixels": 894000,
      "basic_score": 0.9351938941608813,
      "file_name": "workshop_8.jpg"
    },
    "llm_score": null
  },
  {
    "query": "Professional photo of caravan manufacturing workshop with craftsmen working",
    "image_info": {
      "url": "http://caravanworld.com.au/cdn/shop/articles/bruder-factory-tour-ultimate-offroad-caravans-and-hybrids-360257.jpg?v=1732010874",
      "img_format": "JPEG",
      "mode": "RGB",
      "file_size": 165238,
      "width": 1080,
      "height": 720,
      "total_pixels": 777600,
      "basic_score": 0.9225428573701805,
      "file_name": "workshop_5.jpg"
    },
    "llm_score": null
  },
  {
    "query": "Collection of different caravan models showing variety and customization options",
    "image_info": {
      "url": "https://www.leadercaravans.com.au/media/model/leader-gold-landing.webp",
      "img_format": "WEBP",
      "mode": "RGBA",
      "file_size": 79740,
      "width": 1567,
      "height": 809,
      "total_pixels": 1267703,
      "basic_score": 0.9178368364424422,
      "file_name": "caravan_models_6.webp"
    },
    "llm_score": null
  },
  {
    "query": "Collection of different caravan models showing variety and customization options",
    "image_info": {
      "url": "https://www.supremecaravans.com.au/media/model/off-road-caravan.png",
      "img_format": "PNG",
      "mode": "RGBA",
      "file_size": 575069,
      "width": 960,
      "height": 495,
      "total_pixels": 475200,
      "basic_score": 0.8723865975888034,
      "file_name": "caravan_models_9.png"
    },
    "llm_score": null
  },
  {
    "query": "Collection of different caravan models showing variety and customization options",
    "image_info": {
      "url": "https://www.supremecaravans.com.au/media/model/small-caravans.png",
      "img_format": "PNG",
      "mode": "RGBA",
      "file_size": 513831,
      "width": 960,
      "height": 495,
      "total_pixels": 475200,
      "basic_score": 0.8691554951148157,
      "file_name": "caravan_models_7.png"
    },
    "llm_score": null
  },
  {
    "query": "A high-quality professional photo of a modern luxury caravan with clean lines and premium materials",
    "image_info": {
      "url": "https://www.adria-mobil.com/storage/10586/responsive-images/signal-2023-08-22-125548_002___media_library_original_1254_834.jpeg",
      "img_format": "JPEG",
      "mode": "RGB",
      "file_size": 344178,
      "width": 1254,
      "height": 834,
      "total_pixels": 1045836,
      "basic_score": 0.9552177573391901,
      "file_name": "hero_caravan_2.jpeg"
    },
    "llm_score": null
  },
  {
    "query": "A high-quality professional photo of a modern luxury caravan with clean lines and premium materials",
    "image_info": {
      "url": "https://cdn2.olivertraveltrailers.com/wp-content/uploads/2025/09/20161350/small-camper-legacy-elite-exterior.jpg",
      "img_format": "JPEG",
      "mode": "RGB",
      "file_size": 203883,
      "width": 1200,
      "height": 800,
      "total_pixels": 960000,
      "basic_score": 0.9428229889688512,
      "file_name": "hero_caravan_7.jpg"
    },
    "llm_score": null
  },
  {
    "query": "A high-quality professional photo of a modern luxury caravan with clean lines and premium materials",
    "image_info": {
      "url": "https://www.yankodesign.com/images/design_news/2024/08/top-10-caravan-design-concepts-for-enriching-your-camping-adventure/10-luxury-1-1.jpg",
      "img_format": "JPEG",
      "mode": "RGB",
      "file_size": 295196,
      "width": 1280,
      "height": 960,
      "total_pixels": 1228800,
      "basic_score": 0.9394662056863933,
      "file_name": "hero_caravan_1.jpg"
    },
    "llm_score": null
  },
  {
    "query": "High-quality image showing premium materials used in caravan construction",
    "image_info": {
      "url": "https://www.paramountcaravans.com.au/wp-content/uploads/2023/10/Blog_CaravanBuildingMaterials_960x640px-1.png",
      "img_format": "PNG",
      "mode": "RGBA",
      "file_size": 559861,
      "width": 1200,
      "height": 800,
      "total_pixels": 960000,
      "basic_score": 0.9561261016755944,
      "file_name": "materials_0.png"
    },
    "llm_score": null
  },
  {
    "query": "High-quality image showing premium materials used in caravan construction",
    "image_info": {
      "url": "https://www.lamilux.com/fileadmin/_processed_/d/b/csm_GFK_Caravan_Innen_87ad33068e.jpg",
      "img_format": "JPEG",
      "mode": "RGB",
      "file_size": 194571,
      "width": 1170,
      "height": 659,
      "total_pixels": 771030,
      "basic_score": 0.9233412879658346,
      "file_name": "materials_6.jpg"
    },
    "llm_score": null
  },
  {
    "query": "High-quality image showing premium materials used in caravan construction",
    "image_info": {
      "url": "https://www.paramountcaravans.com.au/wp-content/uploads/2023/10/Blog_CaravanBuildingMaterials_960x640px-2.png",
      "img_format": "PNG",
      "mode": "RGBA",
      "file_size": 835005,
      "width": 960,
      "height": 640,
      "total_pixels": 614400,
      "basic_score": 0.9190228774205875,
      "file_name": "materials_4.png"
    },
    "llm_score": null
  },
  {
    "query": "A beautifully designed caravan interior showing modern furniture and luxury finishes",
    "image_info": {
      "url": "https://prod-thl-retail.xperience-sites.com/getmedia/407d699b-f665-4017-89d2-13f037b9f7a0/Untitled-design-(9).jpg",
      "img_format": "JPEG",
      "mode": "RGB",
      "file_size": 131599,
      "width": 1200,
      "height": 800,
      "total_pixels": 960000,
      "basic_score": 0.936158453532386,
      "file_name": "interior_design_8.jpg"
    },
    "llm_score": null
  },
  {
    "query": "A beautifully designed caravan interior showing modern furniture and luxury finishes",
    "image_info": {
      "url": "https://i.pinimg.com/736x/72/93/2d/72932d0e92a54e555aa547e9a8f439a2.jpg",
      "img_format": "JPEG",
      "mode": "RGB",
      "file_size": 126432,
      "width": 736,
      "height": 920,
      "total_pixels": 677120,
      "basic_score": 0.8889446678137017,
      "file_name": "interior_design_9.jpg"
    },
    "llm_score": null
  },
  {
    "query": "A beautifully designed caravan interior showing modern furniture and luxury finishes",
    "image_info": {
      "url": "https://i.pinimg.com/736x/e5/d1/78/e5d17818b0c96a1b8b6f06dd6102bac3.jpg",
      "img_format": "JPEG",
      "mode": "RGB",
      "file_size": 126267,
      "width": 736,
      "height": 736,
      "total_pixels": 541696,
      "basic_score": 0.8700910437120778,
      "file_name": "interior_design_3.jpg"
    },
    "llm_score": null
  }
]